Ozone,Temp,Pressure,RH,WindSpeed,WindDir,Rainfall,Rdate,VPD
20.95,62.9,30.1275,80.5,3.75,32.25,0,6/1/2015 12:00,3.821580286
20.15,63.5,30.12,80.25,2.75,57.75,0,6/1/2015 13:00,3.948593646
30.35,65.15,30.01875,80,5,151,0,6/3/2015 10:00,4.240901247
32.725,67.275,30.0225,76,4.25,170.75,0,6/3/2015 11:00,5.475666707
35.825,69.25,30.02075,73.5,4,198,0,6/3/2015 12:00,6.477020063
40.175,70.825,30.00825,71.75,4.5,202.5,0,6/3/2015 13:00,7.279169944
43.6,72.35,29.995,69.75,3.5,201.5,0,6/3/2015 14:00,8.219062013
43.1,73.825,29.979,67.5,4,251.25,0,6/3/2015 15:00,9.263833964
41.625,73.65,29.96275,68,3.5,217.5,0,6/3/2015 16:00,9.069895825
42.4,73.45,29.933,68.5,3.5,133,0,6/3/2015 17:00,8.866419768
23.9,69.575,30.011,86.5,1.75,194,0.0375,6/4/2015 10:00,3.334907462
25.15,71.1,30.014,85.5,2.5,180.75,0.05,6/4/2015 11:00,3.774115271
27.3,72.275,30.021,83.25,2.75,229.75,0.05,6/4/2015 12:00,4.532552211
24.85,72.525,30.011,85,2.75,196,0.05,6/4/2015 13:00,4.092977375
26.775,73.175,30.01025,85,3.5,231,0.05,6/4/2015 14:00,4.183940732
29.175,73.925,30.00625,85.25,3.5,258,0.05,6/4/2015 15:00,4.221600811
34.9,75.4,29.99775,81.5,5,272.5,0.05,6/4/2015 16:00,5.572202144
42.575,76.95,29.96925,77,5,290.5,0.05,6/4/2015 17:00,7.284047922
34.8,73.275,30.0235,86.75,3.25,278.75,0.15,6/5/2015 10:00,3.731914825
35.175,75.375,30.012,83.25,3,277.25,0.15,6/5/2015 11:00,5.037077203
50.675,78.7,29.999,74.25,5,299.25,0.15,6/5/2015 12:00,8.648114347
62.55,81.7,29.9745,65.5,4,291,0.15,6/5/2015 13:00,12.76462408
66.375,83.775,29.96975,58.25,4.25,27,0.15,6/5/2015 14:00,16.51262227
71.875,83.85,29.96675,58.5,3.75,237,0.15,6/5/2015 15:00,16.44109202
69.95,84.525,29.95675,55,4.25,307.25,0.15,6/5/2015 16:00,18.22631445
71.175,86.375,29.93025,53.5,1.75,252,0.15,6/5/2015 17:00,19.97845979
36.525,72.825,30.04275,70.5,1.25,64.25,0,6/6/2015 10:00,8.140231474
41.325,75.85,30.0365,66.75,1,159.75,0,6/6/2015 11:00,10.15244053
46.8,78.75,30.0145,62.75,1,116.25,0,6/6/2015 12:00,12.50800576
52.65,81.25,29.99775,58.25,1.75,197.5,0,6/6/2015 13:00,15.21619608
54.7,83.16666667,29.99066667,58,1.333333333,185,0,6/6/2015 14:00,16.27380868
55,84.6,29.977,58,2,18,0,6/6/2015 15:00,17.04554628
59.775,86.25,29.95175,55,1.5,147.5,0,6/6/2015 16:00,19.25338269
61.225,86.05,29.9275,55.25,2.5,128.25,0,6/6/2015 17:00,19.0257195
42.05,83.125,29.84375,71,7.25,212.75,0,6/7/2015 10:00,11.23477003
44.2,85.2,29.844,68.5,7,228.5,0,6/7/2015 11:00,13.04781549
47.475,86.675,29.83475,66.75,7.25,222.25,0,6/7/2015 12:00,14.42292624
48.8,87.8,29.82425,64.5,6.75,227.5,0,6/7/2015 13:00,15.9472909
47.8,89.325,29.80325,61.25,8,216.25,0,6/7/2015 14:00,18.27119009
44.95,89.9,29.791,61,8.25,230,0,6/7/2015 15:00,18.73167488
43.025,90.05,29.771,59,7.75,194.75,0,6/7/2015 16:00,19.77895899
41,90.075,29.736,59,9,206.5,0,6/7/2015 17:00,19.79259689
30.075,70.7,29.80275,95.75,1,220.25,0.62,6/8/2015 10:00,1.091889996
30.025,73.175,29.79825,93.25,2.5,211,0.62,6/8/2015 11:00,1.893414372
37.65,75.3,29.7945,87.75,3.5,277.25,0.62,6/8/2015 12:00,3.689188588
49.675,79.175,29.78275,79.25,4.75,266.5,0.62,6/8/2015 13:00,7.113656488
59.475,82.4,29.7705,62.75,7,300.25,0.62,6/8/2015 14:00,14.12847666
62.3,83.73333333,29.76033333,53.33333333,8.333333333,299.3333333,0.62,6/8/2015 15:00,18.42289869
63.65,84.45,29.754,50.5,8.5,300.5,0.62,6/8/2015 16:00,19.99141737
54.03333333,82.4,29.758,53.66666667,5.666666667,302,0.62,6/8/2015 17:00,17.53000751
48.7,81.2,29.8485,60.5,2.75,302.25,0,6/9/2015 10:00,14.37269682
58.45,83.275,29.847,58.25,3.5,250.5,0,6/9/2015 11:00,16.25545139
75.25,85.275,29.83375,52,4.5,298,0,6/9/2015 12:00,19.91720724
83.325,87.15,29.8205,44.25,5,300.75,0,6/9/2015 13:00,24.5932343
81.775,88.5,29.8105,41.5,3.75,224,0,6/9/2015 14:00,26.87609191
79.375,88.7,29.80425,37.75,3,228,0,6/9/2015 15:00,28.77686979
76.575,89.225,29.796,39.75,3.5,270,0,6/9/2015 16:00,28.32810674
77.3,90.525,29.782,36,2,315.5,0,6/9/2015 17:00,31.33487457
54.475,84.925,29.8175,63.75,3,220,0,6/11/2015 11:00,14.8877031
68.375,87.875,29.805,57,6,190.5,0,6/11/2015 12:00,19.39376462
65.075,88.95,29.78975,56,6.75,198.75,0,6/11/2015 13:00,20.51373367
59.55,89.65,29.7785,50.5,8.5,210.5,0,6/11/2015 14:00,23.57821682
39,85.475,29.808,69.25,6.25,246.25,0,6/12/2015 10:00,12.83959163
38.025,87,29.8125,67,6.5,258,0,6/12/2015 11:00,14.45989492
24.7,80.95,29.98025,74.5,5.25,220.75,0,6/15/2015 10:00,9.215850115
28.85,83.15,29.9755,72.25,5.25,229.25,0,6/15/2015 11:00,10.75666922
31.6,85.15,29.96775,71.5,5.25,199.5,0,6/15/2015 12:00,11.77531639
12.075,74.45,30.04725,97,0.25,151.75,0.6775,6/16/2015 10:00,0.875712891
22.975,77.15,30.05175,90.75,1,257.25,0.68,6/16/2015 11:00,2.970670418
26.425,79.875,30.04975,83.75,2.75,217,0.68,6/16/2015 12:00,5.675479357
30.125,82.15,30.03375,77.25,2.5,184.25,0.68,6/16/2015 13:00,8.573024171
30.275,82.75,30.0135,74.25,3.25,163.25,0.68,6/16/2015 14:00,9.866486126
27,78.275,30.0215,83.5,3.5,210.25,0.6825,6/16/2015 15:00,5.512241597
23.175,75.125,30.011,90.75,1.25,237,0.7225,6/16/2015 16:00,2.751992538
22.3,76,29.99325,91,2.5,186,0.75,6/16/2015 17:00,2.760920939
16.85,71.925,29.83875,98,3,163.75,3.2525,6/19/2015 12:00,0.534798612
17.1,74.35,29.81525,97.75,2.75,172.25,3.3,6/19/2015 13:00,0.65800881
24.55,77.975,29.79025,90.75,4.5,130,3.3,6/19/2015 14:00,3.061301887
28.05,80.2,29.78,84.5,5,188,3.3,6/19/2015 15:00,5.457336109
29.6,79.55,29.767,83.5,3.5,136.5,3.3,6/19/2015 16:00,5.683974154
24.9,75.65,29.764,89,6.5,179.5,3.3,6/19/2015 17:00,3.390676232
28.225,73.2,29.899,85.75,4.25,232.75,0,6/20/2015 10:00,3.977777985
36.15,76,29.90175,78.75,3,240,0,6/20/2015 11:00,6.56271304
45.825,79.825,29.8895,71.75,2.25,207,0,6/20/2015 12:00,9.860359895
47.4,81.5,29.8815,68.5,2.5,236.5,0,6/20/2015 13:00,11.57078706
54.575,83,29.8715,66,3.5,185,0,6/20/2015 14:00,13.11342228
44.25,84.85,29.85575,63,5,180,0,6/20/2015 15:00,15.14278072
58.9,86.575,29.8515,62.5,3.75,209.25,0,6/20/2015 16:00,16.2092062
54.475,87.1,29.82025,64,6,208.25,0,6/20/2015 17:00,15.82313988
39.625,71.85,29.8955,84.25,6,244.5,0.2,6/21/2015 10:00,4.209942255
37,75.75,29.906,81.25,3.25,223.5,0.2,6/21/2015 11:00,5.798380719
48.2,81.7,29.9235,72.75,4,239,0.2,6/21/2015 12:00,10.0933007
50.975,87.35,29.934,61,2,219.5,0.2,6/21/2015 13:00,17.38069415
54.2,90.1,29.9365,54.25,4,209.5,0.2,6/21/2015 14:00,22.10974418
44.725,89.175,29.92325,57,2.5,230.75,0.2,6/21/2015 15:00,20.1912859
53,87.675,29.91425,69.5,2,181.75,0.2,6/21/2015 16:00,13.66651927
40.15,87.05,29.919,71.5,2.5,174,0.2,6/21/2015 17:00,12.5223831
20.05,83.6,29.938,75.75,6,241.75,0,6/22/2015 10:00,9.539043118
21.5,85.55,29.91875,72.5,6,235.5,0,6/22/2015 11:00,11.50959193
25.95,86.95,29.9055,71.75,5.5,218.25,0,6/22/2015 12:00,12.35922689
31.825,87.85,29.91425,69.5,5.75,201.75,0,6/22/2015 13:00,13.73419701
27.5,89.075,29.90575,67.25,4.75,208.75,0,6/22/2015 14:00,15.33447393
26.875,90.475,29.871,65,4.75,198,0,6/22/2015 15:00,17.11166211
25.95,89.975,29.86025,65.5,5.5,203.25,0,6/22/2015 16:00,16.60254299
26.35,90.425,29.846,65.75,5.75,236.5,0,6/22/2015 17:00,16.71703903
60.93333333,86.16666667,30.02333333,55,4.333333333,308.3333333,0,6/23/2015 16:00,19.2158566
40.86666667,81.1,30.12466667,67,1.333333333,255.3333333,0,6/24/2015 10:00,11.9625846
46.76666667,81.73333333,30.13166667,62,3.333333333,74.33333333,0,6/24/2015 11:00,14.05895825
47.925,83.6,30.13825,57.5,2.75,195.75,0,6/24/2015 12:00,16.73814247
50.525,82.55,30.14925,57,5.5,97.25,0,6/24/2015 13:00,16.33907405
51,84.5,30.113,53.5,3.5,80.5,0,6/24/2015 14:00,18.81218645
51.15,84.725,30.0885,54.5,4,135.75,0,6/24/2015 15:00,18.54213642
54.65,84.575,30.06325,52.75,5.5,137.75,0,6/24/2015 16:00,19.16329154
53.725,85.05,30.03225,52.5,6.5,143,0,6/24/2015 17:00,19.55801194
43.175,79.075,29.9465,74.25,5.5,136,0,6/25/2015 10:00,8.74154685
27.025,64.15,29.84625,95.75,1,125,0.14,7/2/2015 10:00,0.870112452
26.775,64.6,29.859,95,3.75,118.5,0.14,7/2/2015 11:00,1.040829466
27.75,66.275,29.86275,94.25,3.25,29.25,0.14,7/2/2015 12:00,1.27842367
31.65,69.75,29.8545,87.5,4,28.75,0.14,7/2/2015 13:00,3.121200153
35.875,72.05,29.85275,83.25,3.5,35.75,0.14,7/2/2015 14:00,4.511298042
41.475,76.55,29.845,75.5,2.25,42,0.14,7/2/2015 15:00,7.652252541
44.475,77.875,29.824,73.5,2.25,92,0.14,7/2/2015 16:00,8.642203239
45.65,78.05,29.825,71,2,38,0.14,7/2/2015 17:00,9.512761347
34.525,74.3,29.86675,79.25,4.5,244.75,0,7/3/2015 10:00,6.017558641
45.3,76,29.8725,75,5.5,338.5,0,7/3/2015 11:00,7.663233484
47.775,77.15,29.87225,73.5,4,185.25,0,7/3/2015 12:00,8.444458216
47.625,78.375,29.865,71,4.5,174.25,0,7/3/2015 13:00,9.618547024
50.3,79.5,29.85525,68.25,3,178,0,7/3/2015 14:00,10.92283624
51.225,80.7,29.841,66.75,3.75,40.25,0,7/3/2015 15:00,11.91172543
51.05,81.025,29.8325,66.75,3.25,136.5,0,7/3/2015 16:00,12.03594074
52.25,81.1,29.8245,65,5.25,110.75,0,7/3/2015 17:00,12.6864458
41.55,76.475,29.97625,75,0.5,46.5,0,7/4/2015 10:00,7.827951708
52.225,78.925,29.97675,64.5,0.25,93.25,0,7/4/2015 11:00,11.98300271
53.625,81.125,29.97675,58.25,0.75,106.5,0,7/4/2015 12:00,15.15703312
54.6,81.95,29.96725,55.25,1.25,67.75,0,7/4/2015 13:00,16.68664914
56.16666667,83.33333333,29.96166667,54,1.666666667,105,0,7/4/2015 14:00,17.92980934
57.73333333,82.9,29.942,53.33333333,2,67.33333333,0,7/4/2015 15:00,17.9365749
57.63333333,83,29.93633333,52.66666667,1.666666667,81.33333333,0,7/4/2015 16:00,18.24031356
57.8,83.4,29.924,50,0,134,0,7/4/2015 17:00,19.52479605
44.225,79.25,30.0255,75.25,1.25,222.5,0,7/5/2015 10:00,8.467843441
51.6,81.175,30.021,69.5,1.75,188,0,7/5/2015 11:00,11.10012514
54.45,83.275,30.0255,62.5,2,227,0,7/5/2015 12:00,14.61445433
56.475,84.6,30.01875,58.5,2,143,0,7/5/2015 13:00,16.8426621
58.975,84.7,30.0025,58,3.25,202.5,0,7/5/2015 14:00,17.10432675
63.325,85.925,29.99475,53.5,3.5,178,0,7/5/2015 15:00,19.69378737
72.425,85.8,29.985,55,5.5,151.25,0,7/5/2015 16:00,18.97655908
67.3,85.85,29.9615,55,4.75,129.5,0,7/5/2015 17:00,19.00959422
21.525,80.05,29.978,84.25,5.5,190,0,7/6/2015 10:00,5.529042255
25.5,82.5,29.97025,81,5.75,206.5,0,7/6/2015 11:00,7.215378737
31.8,85.125,29.94425,76,6.25,187,0,7/6/2015 12:00,9.909845278
34.85,86.6,29.929,73.25,6.75,174.25,0,7/6/2015 13:00,11.57891557
32.35,86.725,29.9125,71.75,6.25,185.5,0,7/6/2015 14:00,12.28399557
30.05,83.6,29.917,74.5,3,216,0,7/6/2015 15:00,10.00656799
25.3,84.8,29.8955,76.5,6.5,145.5,0,7/6/2015 16:00,9.598084202
24.225,84.875,29.864,76.5,7.25,189.75,0,7/6/2015 17:00,9.624503867
23.4,75.05,29.88975,91.5,2.75,270.75,0.01,7/7/2015 10:00,2.529014573
25.175,76.375,29.892,88.5,3.5,287,0.01,7/7/2015 11:00,3.571222386
23.65,76.05,29.90825,86.25,6,244.5,0.01,7/7/2015 12:00,4.235305829
20.2,72.775,29.92125,89.25,7.25,193,0.01,7/7/2015 13:00,2.962145957
24.05,72.275,29.92775,89.5,5.5,110,0.01,7/7/2015 14:00,2.853119837
23.2,71.175,29.93075,91.25,6.25,101.75,0.01,7/7/2015 15:00,2.281157307
25.325,70.65,29.94225,88,6,15,0.01,7/7/2015 16:00,3.073124911
27.35,70.3,29.94475,89,5.75,32,0.01,7/7/2015 17:00,2.783511074
21.35,60.05,30.01825,94.75,1.25,138.5,0.495,7/8/2015 10:00,0.930179889
19.45,59.9,30.0195,96,1.5,120,0.91,7/8/2015 11:00,0.704646695
20.225,60.475,30.0145,96,1.25,138.5,0.93,7/8/2015 12:00,0.71918369
21.475,61.225,30.0015,95.5,1.25,141.25,0.93,7/8/2015 13:00,0.83220818
20.8,62.5,29.972,95,2.5,161.5,0.93,7/8/2015 14:00,0.965819582
17.275,64.475,29.9345,95,2.25,138.75,0.93,7/8/2015 15:00,1.035328452
16.3,66.725,29.90625,94.25,2,147,0.93,7/8/2015 16:00,1.287648189
18.775,69.2,29.87825,94,1.75,132,0.93,7/8/2015 17:00,1.463064138
21.825,65.575,30.0535,85.25,4.5,299.25,0.01,7/9/2015 10:00,3.180293294
25.5,67.45,30.053,82.5,4,307,0.01,7/9/2015 11:00,4.01699704
27.975,68.575,30.047,81.75,4.75,315,0.01,7/9/2015 12:00,4.357280428
31.775,70.075,30.03925,79.5,4.25,304.5,0.01,7/9/2015 13:00,5.14839384
35.45,70.25,30.037,79,4.5,287.5,0.01,7/9/2015 14:00,5.30756341
38.8,71.7,30.02966667,76,5,213.3333333,0.01,7/9/2015 15:00,6.369153914
42.83333333,72.36666667,30.01666667,75.66666667,3.666666667,227.6666667,0.01,7/9/2015 16:00,6.606032458
45.275,72.85,30.008,74.5,2.25,313.25,0.01,7/9/2015 17:00,7.034913239
27.7,67.85,30.087,94,3,47,0.37,7/10/2015 10:00,1.396183814
29.125,71.375,30.0905,89.5,1,91.75,0.37,7/10/2015 11:00,2.801128395
36.65,73.35,30.09775,83.75,0.5,151.25,0.37,7/10/2015 12:00,4.560840932
39.5,74.475,30.09225,82.5,1.5,150.25,0.37,7/10/2015 13:00,5.100582382
42.175,76.725,30.0765,79.25,0.75,115.5,0.37,7/10/2015 14:00,6.523266009
44.05,77.2,30.06425,78,1.5,159,0.37,7/10/2015 15:00,7.024111984
46.025,78.175,30.06125,76,1.25,145.5,0.37,7/10/2015 16:00,7.906483594
47.85,80.35,30.05475,72.75,1,163.5,0.37,7/10/2015 17:00,9.67229498
22.93333333,78.63333333,30.08666667,86.66666667,3.666666667,220,0,7/11/2015 10:00,4.462110407
28.76666667,82.56666667,30.07766667,82,2,153,0,7/11/2015 11:00,6.848111005
33.15,84.925,30.063,77,3.25,212,0,7/11/2015 12:00,9.445259562
33.025,88.25,30.04275,71.75,3.5,218.5,0,7/11/2015 13:00,12.90632086
28.7,89.575,30.02975,64.5,4,239,0,7/11/2015 14:00,16.87040637
31.575,90.8,30.01425,62,4,239.25,0,7/11/2015 15:00,18.76393928
29.025,91.85,30.00325,57.75,4.5,205.25,0,7/11/2015 16:00,21.56110028
26.5,91.7,29.9865,55,4,249.5,0,7/11/2015 17:00,22.85558094
43.25,84.5,29.967,67,1.5,240.5,0,7/12/2015 10:00,13.36015405
43.35,86.4,29.96,67.25,3,210.5,0,7/12/2015 11:00,14.08346547
48.3,88.6,29.9445,64.5,3.5,270.5,0,7/12/2015 12:00,16.39930732
48.75,90.575,29.92725,60.75,2.75,206.75,0,7/12/2015 13:00,19.2533969
48.925,91.55,29.91075,59,3.25,234.5,0,7/12/2015 14:00,20.73164944
46.45,92.5,29.89075,55.75,3.25,206.5,0,7/12/2015 15:00,23.04110314
37.1,93.05,29.878,53,4,216.5,0,7/12/2015 16:00,24.89184535
37.5,93.2,29.8665,55,4,234.5,0,7/12/2015 17:00,23.94307043
36.1,86.85,29.762,73.25,4.25,240.75,0,7/13/2015 10:00,11.67021829
39.7,88.7,29.75175,69,4.75,258.25,0,7/13/2015 11:00,14.33819151
40.35,90.5,29.7425,68,4.5,272,0,7/13/2015 12:00,15.67362054
46.35,92.025,29.72625,64.25,5.25,241.25,0,7/13/2015 13:00,18.34201209
37.45,93.375,29.714,63.5,4.25,233,0,7/13/2015 14:00,19.53834074
37.2,94.4,29.6975,59.5,5.5,251,0,7/13/2015 15:00,22.36047494
34.175,94.9,29.681,61,5.5,234,0,7/13/2015 16:00,21.86588234
30.15,95.125,29.66825,61.25,4.75,237.5,0,7/13/2015 17:00,21.87887802
53,88.1,29.68225,64.5,4.25,305.25,0,7/14/2015 10:00,16.10691859
66.4,89.7,29.692,65,4,292,0,7/14/2015 11:00,16.73333104
71.95,91.3,29.687,57,4.5,283.75,0,7/14/2015 12:00,21.57580676
64.75,92.775,29.68875,53,4.5,243.25,0,7/14/2015 13:00,24.68526525
65.95,93.5,29.6795,50.5,6,296,0,7/14/2015 14:00,26.58325902
58.925,93.675,29.6705,51.75,6,262.75,0,7/14/2015 15:00,26.05486809
57.975,93.875,29.6455,49.5,8,295.25,0,7/14/2015 16:00,27.43059307
52.05,93.7,29.62375,51.5,8.25,307.25,0,7/14/2015 17:00,26.21895462
37.725,79.2,29.90575,68.5,1,108.25,0,7/15/2015 10:00,10.748403
38.475,81.475,29.9145,64.75,1.75,63.25,0,7/15/2015 11:00,12.94119121
43.825,82.825,29.92625,62.75,2.5,133.25,0,7/15/2015 12:00,14.29016397
46.4,83.825,29.9215,60.25,2.75,148.75,0,7/15/2015 13:00,15.73623649
40.425,84.2,29.9215,58.75,3.25,34.5,0,7/15/2015 14:00,16.52511247
40.925,86.4,29.91825,57.25,2.25,139.5,0,7/15/2015 15:00,18.39670013
41.475,85.425,29.91225,57,2.75,166,0,7/15/2015 16:00,17.91888493
42.175,84.25,29.88975,61,3.25,186.5,0,7/15/2015 17:00,15.65729137
39.13333333,79.26666667,29.924,78.66666667,5.666666667,175,0,7/16/2015 10:00,7.286489441
42.3,81.175,29.923,76.5,5.25,154.25,0,7/16/2015 11:00,8.564136213
43.6,83.75,29.90725,71.5,7.25,155.75,0,7/16/2015 12:00,11.26544642
48.525,85.8,29.87725,68,7.25,147.75,0,7/16/2015 13:00,13.51199664
52.125,87.1,29.86075,68.5,7,152.25,0,7/16/2015 14:00,13.84272393
51.175,87.075,29.85575,70.5,5.5,137.75,0,7/16/2015 15:00,12.95514191
52.05,88.325,29.842,69.75,7.25,181.25,0,7/16/2015 16:00,13.82488921
50.125,89,29.82625,69,8,174,0,7/16/2015 17:00,14.47311649
35.125,85.25,29.8325,72,3.5,244.5,0,7/17/2015 10:00,11.60210899
35.5,86.5,29.82475,71.5,3.25,240,0,7/17/2015 11:00,12.34836225
42.975,88.975,29.821,65.25,5.5,264.5,0,7/17/2015 12:00,16.21317434
43.35,90.775,29.81225,63,5,253,0,7/17/2015 13:00,18.25662033
43.075,92.5,29.803,61.25,5,240,0,7/17/2015 14:00,20.17523382
39,90.725,29.80925,65.25,4,249.25,0,7/17/2015 15:00,17.1423669
34.325,88.575,29.8005,70.5,2.5,268.5,0,7/17/2015 16:00,13.59001672
33.775,89.5,29.79025,71.75,2.25,296,0,7/17/2015 17:00,13.47040026
34.575,88,29.88175,68.5,4.75,290,0,7/18/2015 10:00,14.25750679
36.55,88.55,29.91075,66.5,4,265.75,0,7/18/2015 11:00,15.41757896
34.875,87.95,29.913,69.25,4.25,261.5,0,7/18/2015 12:00,13.88087898
35.9,88.25,29.90375,70.5,4,265.25,0,7/18/2015 13:00,13.45041716
44.375,90.35,29.878,63.5,4.75,226.25,0,7/18/2015 14:00,17.78849959
44.7,90.8,29.85375,62.5,4,247.5,0,7/18/2015 15:00,18.51881047
38.35,91.95,29.8455,62,4,207.5,0,7/18/2015 16:00,19.45400592
42.4,91.975,29.82625,62.25,5,243.5,0,7/18/2015 17:00,19.34216362
35.05,74.75,29.957,87,1.25,250.75,0,7/19/2015 10:00,3.820880065
29.375,75.65,29.945,88,1.25,252.5,0,7/19/2015 11:00,3.635983783
33.475,77.425,29.92475,83.25,4.25,210.75,0,7/19/2015 12:00,5.396768288
39.875,80.7,29.917,78.5,4.25,255.5,0,7/19/2015 13:00,7.7206639
48.075,82.575,29.907,72.75,5.75,302.75,0,7/19/2015 14:00,10.36244934
55.95,84.3,29.8845,69.5,0.5,255.5,0,7/19/2015 15:00,12.2769097
51.925,84.45,29.8805,68,1,154.25,0,7/19/2015 16:00,12.93051447
50.875,84.975,29.85625,68.75,1.5,142,0,7/19/2015 17:00,12.83877918
16.875,76.625,29.85475,91.75,2.75,286.5,0.055,7/20/2015 10:00,2.598741767
16.175,75.725,29.85575,94.5,4.5,319.5,0.2725,7/20/2015 11:00,1.671493868
22.15,76.5,29.8225,91.75,2.5,107.25,0.2875,7/20/2015 12:00,2.573606539
24.93333333,78.6,29.788,88.33333333,1,135,0.29,7/20/2015 13:00,3.912934342
36.03333333,81.03333333,29.771,82.66666667,4,199.3333333,0.29,7/20/2015 14:00,6.268609281
40.375,80.725,29.77475,83.25,3.75,228,0.29,7/20/2015 15:00,6.001483796
39.3,79.125,29.78375,86,3.5,273.25,0.2925,7/20/2015 16:00,4.763730513
34.775,77.725,29.7695,90,0.5,252.75,0.33,7/20/2015 17:00,3.247404329
31.125,78.1,29.86325,71.75,5.75,248.5,0.01,7/21/2015 10:00,9.293160257
39.6,80.425,29.87475,62.75,5.5,185.75,0.01,7/21/2015 11:00,13.21863598
40.725,81.775,29.87775,57.5,6.25,94,0.01,7/21/2015 12:00,15.7528672
42.15,82.4,29.88025,54.25,5.5,81.25,0.01,7/21/2015 13:00,17.29548239
44.85,82.575,29.87425,53.25,5.75,168,0.01,7/21/2015 14:00,17.77649018
44.3,82.875,29.86825,53,5,250,0.01,7/21/2015 15:00,18.04573965
43.65,82.4,29.85575,51.75,3.75,174.5,0.01,7/21/2015 16:00,18.24711658
38.4,81.925,29.841,52.75,3.5,37.5,0.01,7/21/2015 17:00,17.59207393
32.63333333,77.53333333,29.937,65,3.333333333,142.3333333,0,7/22/2015 10:00,11.30564392
39.46666667,80.03333333,29.92966667,59,4.333333333,124.6666667,0,7/22/2015 11:00,14.35596617
41.675,80.975,29.92525,58,5,152.75,0,7/22/2015 12:00,15.15783707
41.8,82.825,29.90375,55.75,4,157,0,7/22/2015 13:00,16.96860003
42.2,83.9,29.89175,53.75,4,135.5,0,7/22/2015 14:00,18.35039069
42.65,83.75,29.87825,55.5,3.75,162,0,7/22/2015 15:00,17.58008943
44.875,81.925,29.877,60,4.75,155.25,0,7/22/2015 16:00,14.89936632
44,80.9,29.873,63,3.25,131.75,0,7/22/2015 17:00,13.32895269
36.925,79.5,29.94075,61.25,1,150.5,0,7/23/2015 10:00,13.33303797
45.06666667,82.43333333,29.93966667,56.66666667,3,128.6666667,0,7/23/2015 11:00,16.42422059
50.9,84.33333333,29.94866667,54.33333333,2.333333333,191,0,7/23/2015 12:00,18.37477131
52.575,84.925,29.9355,53,3.25,137.75,0,7/23/2015 13:00,19.27409883
52.475,86.825,29.92375,50.5,2.25,157,0,7/23/2015 14:00,21.58696036
58.95,88.15,29.908,49.5,2.5,93.5,0,7/23/2015 15:00,22.94497977
57,88.225,29.90375,49,2.25,52.75,0,7/23/2015 16:00,23.23704409
52.65,87.125,29.9005,50.25,2.25,101,0,7/23/2015 17:00,21.88408784
52.85,82.05,29.9805,67.5,2.75,179,0,7/24/2015 10:00,12.16836159
58.625,83.65,29.97675,62.5,3.25,137,0,7/24/2015 11:00,14.76801462
62.4,85.125,29.96775,60.5,3.5,147.75,0,7/24/2015 12:00,16.3079336
62.35,87.65,29.9585,58.5,2.75,146.25,0,7/24/2015 13:00,18.56196879
59.5,87.675,29.95075,57.25,3,147.5,0,7/24/2015 14:00,19.14019744
59.45,88.975,29.94425,56.5,2.75,144.25,0,7/24/2015 15:00,20.29701479
59.975,89.925,29.9405,54.75,2.5,222.75,0,7/24/2015 16:00,21.74568281
60.875,90.05,29.93075,53.5,1,97.25,0,7/24/2015 17:00,22.44723431
29.15,81.65,29.96725,78.5,7.25,204.25,0,7/25/2015 10:00,7.990295554
42.925,83.75,29.9415,68.5,5.5,184,0,7/25/2015 11:00,12.46407502
46.575,84.85,29.91575,68.75,2.5,134.25,0,7/25/2015 12:00,12.78994478
50.675,85.75,29.88925,70,5.25,144,0,7/25/2015 13:00,12.64877026
54.175,87.4,29.88425,66.75,4,166,0,7/25/2015 14:00,14.7549944
52.825,90.025,29.885,64.5,2,112,0,7/25/2015 15:00,17.12075942
55.15,90.7,29.887,63,1.5,52.75,0,7/25/2015 16:00,18.23641031
57.25,91.875,29.887,62.5,1,83.25,0,7/25/2015 17:00,19.20032847
29.75,75.2,29.91675,91.75,2.5,164.75,0.1,7/26/2015 10:00,2.477567852
34,78.225,29.897,84,2,179,0.1,7/26/2015 11:00,5.285052309
33.575,79.025,29.89775,84,3.75,165.25,0.1,7/26/2015 12:00,5.424138612
39.425,81.325,29.88275,78,3.75,222.75,0.1,7/26/2015 13:00,8.046379725
43.075,83.85,29.87225,75,3.25,201.25,0.1,7/26/2015 14:00,9.914555955
48.05,85.9,29.86725,71,4.25,195.25,0.1,7/26/2015 15:00,12.26976636
42.5,85.375,29.86175,69.25,3.75,197.75,0.1,7/26/2015 16:00,12.79267856
40.225,86.35,29.8605,72.75,4.75,212.25,0.1,7/26/2015 17:00,11.69275648
36.35,85.65,29.91125,81.5,1.25,142.5,0.57,7/27/2015 10:00,7.799377475
42.55,87.575,29.901,77.5,1.75,113.5,0.57,7/27/2015 11:00,10.0538521
48.65,89.95,29.89025,74.5,1.25,144,0.57,7/27/2015 12:00,12.26159617
48.95,91.175,29.872,73,2.25,131.25,0.57,7/27/2015 13:00,13.50648553
48.675,91.95,29.8645,71.75,1.25,134.75,0.575,7/27/2015 14:00,14.49907512
48.675,84,29.8625,80.5,2.75,190.5,0.5975,7/27/2015 15:00,7.74843039
50.225,76.875,29.8585,85.25,4.5,221,0.61,7/27/2015 16:00,4.65650447
46.3,78.825,29.84125,83.5,0.5,235.5,0.61,7/27/2015 17:00,5.581149736
35.6,84.13333333,29.91433333,83.33333333,2.666666667,224.6666667,0,7/28/2015 10:00,6.672147085
41.3,88.16666667,29.91966667,77,2.666666667,213.3333333,0,7/28/2015 11:00,10.46292528
46.675,90.75,29.91275,73.75,1.75,222,0,7/28/2015 12:00,12.94960763
49.425,92.1,29.9025,70,2,241.75,0,7/28/2015 13:00,15.43225298
50.625,94.15,29.892,66,2.75,196.5,0,7/28/2015 14:00,18.63851595
50.675,95.2,29.87575,62.5,3,179.75,0,7/28/2015 15:00,21.22649446
47.825,88.75,29.8725,70.5,4,206.25,0.0025,7/28/2015 16:00,14.37260462
40.775,81.05,29.8705,81.75,3.25,183.5,0.01,7/28/2015 17:00,6.609974905
43.475,85.15,29.94275,72,4,247.25,0,7/29/2015 10:00,11.56865299
52.75,86.2,29.9615,71.5,8,309,0,7/29/2015 11:00,12.17473808
47.2,84.85,29.97925,74,9.75,196,0,7/29/2015 12:00,10.63771395
50.875,86.275,29.9775,70.75,7.75,36.25,0,7/29/2015 13:00,12.5617923
52.275,88.4,29.97325,64.25,6.25,181,0,7/29/2015 14:00,16.37594341
55.6,89.3,29.96725,62.75,6.75,108.75,0,7/29/2015 15:00,17.54845007
53.125,88.525,29.9635,66.25,7.75,173.5,0,7/29/2015 16:00,15.51978425
49.525,87.575,29.9555,65.25,8.25,112.5,0,7/29/2015 17:00,15.51206711
35.8,81.1,30.112,55,3.5,314,0,7/30/2015 10:00,16.31286758
46.05,84.25,30.11575,48,2.25,319.25,0,7/30/2015 11:00,20.89355527
50.725,86.075,30.1165,40.25,3.75,177.25,0,7/30/2015 12:00,25.41987202
57.06666667,87.06666667,30.10833333,42,3.333333333,95.33333333,0,7/30/2015 13:00,25.4627985
61.96666667,88.3,30.09266667,39.33333333,2.666666667,261.6666667,0,7/30/2015 14:00,27.69541997
58.675,88.2,30.0865,40,4.75,171,0,7/30/2015 15:00,27.32590306
56.475,89.2,30.072,35.25,5.25,162.5,0,7/30/2015 16:00,30.41048357
53.75,88.275,30.05275,40.25,5.25,103.5,0,7/30/2015 17:00,27.28050197
38.9,83.125,30.06675,61.25,5,328.25,0,7/31/2015 10:00,15.00602566
51.175,85.275,30.06525,56.25,6.5,338.5,0,7/31/2015 11:00,18.15681816
55.625,87.2,30.05725,49.75,6.25,119.75,0,7/31/2015 12:00,22.15905312
61.725,88.325,30.0375,48.5,6,241.75,0,7/31/2015 13:00,23.52930215
61.2,89.325,30.014,45.75,6.75,231.25,0,7/31/2015 14:00,25.58328451
59.325,90.325,29.99975,40.5,7.5,273.25,0,7/31/2015 15:00,28.97736703
59.45,90.925,29.987,36.25,6.5,246.75,0,7/31/2015 16:00,31.60832826
62.33333333,91.23333333,29.98133333,37.33333333,4,43,0,7/31/2015 17:00,31.37221105
34.675,80.2,30.0195,59,0.5,110,0,8/1/2015 10:00,14.43417454
37.45,81.45,30.018,58.25,1.75,136.5,0,8/1/2015 11:00,15.32121534
42.975,84.6,30.0025,53.5,1.5,173.25,0,8/1/2015 12:00,18.8967341
45.7,86.425,29.986,49,1.75,204.25,0,8/1/2015 13:00,21.95518942
45.7,88.15,29.9645,45,2.25,153.75,0,8/1/2015 14:00,24.98935204
45.45,88.525,29.94975,47.25,2,121.5,0,8/1/2015 15:00,24.25382061
46.55,89.6,29.9445,49.5,2,267.5,0,8/1/2015 16:00,24.01665012
49.05,89.025,29.93625,49.75,2.25,214.5,0,8/1/2015 17:00,23.47297804
39.125,83.45,29.90225,74,3.75,222.5,0,8/2/2015 10:00,10.19352802
46.275,86.95,29.8935,63.75,4,236.25,0,8/2/2015 11:00,15.87672474
43.5,89,29.87975,60.75,5,210.75,0,8/2/2015 12:00,18.32610939
50.625,90.45,29.85575,56.75,4.25,262,0,8/2/2015 13:00,21.13843703
54.475,91.875,29.842,52.75,5,249.25,0,8/2/2015 14:00,24.12792785
49.8,92.5,29.831,53,5,231.5,0,8/2/2015 15:00,24.47040053
49.45,93.175,29.81525,49.25,4.5,236.5,0,8/2/2015 16:00,26.98448322
46.275,93.15,29.805,48.25,3.75,227.75,0,8/2/2015 17:00,27.49438135
49.65,85.3,29.8395,55.5,2.25,252.25,0,8/3/2015 10:00,18.47236364
60.025,86.375,29.85,54.5,3.5,287.25,0,8/3/2015 11:00,19.54316414
72.8,87.775,29.8455,54,3,244,0,8/3/2015 12:00,20.6655817
82.875,89.775,29.845,50,3,234.25,0,8/3/2015 13:00,23.9278495
82.1,91.075,29.8455,46,5.25,228.5,0,8/3/2015 14:00,26.89795955
70.23333333,90.56666667,29.84833333,46.33333333,6.333333333,115,0,8/3/2015 15:00,26.30848576
62.3,91.43333333,29.846,45,7.333333333,313.6666667,0,8/3/2015 16:00,27.70271025
58.725,90.75,29.83825,46.25,6,96.5,0,8/3/2015 17:00,26.50124019
30.125,81.5,29.93675,69.25,2.5,116.75,0,8/4/2015 10:00,11.30088359
36.25,84.15,29.932,66.25,2.75,145.75,0,8/4/2015 11:00,13.52594605
46.05,87.025,29.926,63.5,2.25,195.25,0,8/4/2015 12:00,16.05918495
53.1,88.7,29.924,60,2.75,208.5,0,8/4/2015 13:00,18.49266991
58.55,89.575,29.92475,59.5,3.75,200.25,0,8/4/2015 14:00,19.24631314
67.55,89.75,29.90975,58,3.5,231,0,8/4/2015 15:00,20.06702145
64.375,87.675,29.896,63.25,4,42.25,0,8/4/2015 16:00,16.47779999
49.55,84.85,29.904,68,2,87.5,0,8/4/2015 17:00,13.09680657
31.475,72.2,29.95975,92.5,3.25,139.75,0.84,8/5/2015 10:00,2.050595181
39.725,76.975,29.95425,83.25,5.5,165.25,0.84,8/5/2015 11:00,5.350387473
45.13333333,80.06666667,29.935,75,6.666666667,161.6666667,0.84,8/5/2015 12:00,8.76884717
47.55,81.075,29.91875,71,5.25,152.25,0.84,8/5/2015 13:00,10.50330335
42.375,79.9,29.90525,76.5,5,186.25,0.84,8/5/2015 14:00,8.213204117
37.975,78.1,29.8855,79.5,5,162.25,0.84,8/5/2015 15:00,6.738189465
41.05,77.75,29.878,79.5,6.5,135.5,0.84,8/5/2015 16:00,6.658397076
38.125,76.8,29.85275,82.25,3.25,136.5,0.84,8/5/2015 17:00,5.590397043
31.3,73.95,29.829,91,4,32.5,0.04,8/6/2015 10:00,2.580664305
38.3,75.075,29.84275,86.5,5.75,50.75,0.04,8/6/2015 11:00,4.013889544
39.6,76.125,29.8575,82.5,6.25,90,0.04,8/6/2015 12:00,5.390111955
44.35,78.375,29.8515,77.5,8.25,46.75,0.04,8/6/2015 13:00,7.468085357
48.65,80.45,29.83875,71.5,7.5,117.25,0.04,8/6/2015 14:00,10.12418941
49.8,81.875,29.841,67.75,6.75,27.75,0.04,8/6/2015 15:00,11.99145253
51.8,82.8,29.8275,65.5,6.75,40.75,0.04,8/6/2015 16:00,13.21906424
51.325,83.225,29.8125,66,3.25,43.75,0.04,8/6/2015 17:00,13.20909031
34.075,72.225,29.89175,84.5,1.75,139.5,0,8/7/2015 10:00,4.19157242
38.95,75.925,29.88725,78.75,1.5,99,0,8/7/2015 11:00,6.517917125
43.4,78.9,29.879,74,2.5,120,0,8/7/2015 12:00,8.788348723
46.35,81.125,29.85875,69.25,2.75,125,0,8/7/2015 13:00,11.16562257
46.05,83.15,29.8445,61.5,2.75,160.5,0,8/7/2015 14:00,14.93037154
45.875,84.725,29.838,57.5,1.5,135,0,8/7/2015 15:00,17.33578417
45.3,85.775,29.8325,56.75,1.75,166.25,0,8/7/2015 16:00,18.22488211
45.875,86.4,29.82875,59,1.5,162,0,8/7/2015 17:00,17.63070231
34.1,81.125,29.94175,83.75,2,290.75,0,8/8/2015 10:00,5.90751748
47.525,82.675,29.9455,79.5,3,104.75,0,8/8/2015 11:00,7.850047608
61.375,84.825,29.9425,72.5,1.75,241.25,0,8/8/2015 12:00,11.24752802
56.1,87.15,29.9195,66.25,2,232.25,0,8/8/2015 13:00,14.95189821
57.525,86.5,29.867,68,4,142.5,0,8/8/2015 14:00,13.9018429
54.925,85.15,29.85825,72.25,3.25,148.5,0,8/8/2015 15:00,11.46561925
45.1,85.475,29.85225,72.25,3.75,145,0,8/8/2015 16:00,11.5840612
46.2,85.375,29.86775,71.5,3,165.25,0,8/8/2015 17:00,11.86176123
28.46666667,76.3,29.932,87.66666667,3.666666667,231.6666667,0.01,8/9/2015 10:00,3.818742623
29,78.3,29.9195,84.5,2.5,204,0.01,8/9/2015 11:00,5.148456272
38.1,82.675,29.889,78.75,5.75,197.75,0.01,8/9/2015 12:00,8.140895018
43.6,83.95,29.87,76,6.5,182,0.01,8/9/2015 13:00,9.544806128
45.75,83.4,29.854,77.5,7,190.75,0.01,8/9/2015 14:00,8.786985493
42.675,83.925,29.84075,78.5,5.75,192,0.01,8/9/2015 15:00,8.547783458
42.55,86.6,29.82275,76.5,5.5,224.25,0.01,8/9/2015 16:00,10.1724241
40.675,87.2,29.82475,75.25,4,161.75,0.01,8/9/2015 17:00,10.91707597
26.425,78.9,29.861,87.75,3.75,291.5,0,8/10/2015 10:00,4.14281729
27.425,80.275,29.87825,87,2.5,285,0,8/10/2015 11:00,4.587483871
33.7,81.75,29.86975,84.25,5.5,311,0,8/10/2015 12:00,5.839984678
42.85,83.15,29.853,82.5,5.75,308.75,0,8/10/2015 13:00,6.786367156
51,85.825,29.83575,76.25,5.5,309.5,0,8/10/2015 14:00,10.0446407
45.9,83.6,29.8215,82,7,294,0.01,8/10/2015 15:00,7.073103111
45.925,85,29.8125,79.5,4.5,297.5,0.01,8/10/2015 16:00,8.445051351
48.425,87.075,29.815,64.75,6,146.25,0.01,8/10/2015 17:00,15.51410205
25.025,78.725,30.01225,73.75,6.25,124.75,0,8/11/2015 10:00,8.824615281
34.975,80.3,30.02,70.25,7.5,292.75,0,8/11/2015 11:00,10.51881526
40.825,81.475,30.019,68.25,7.75,173,0,8/11/2015 12:00,11.65535504
34.475,82.6,30.0205,63,8,178.75,0,8/11/2015 13:00,14.11167415
32.825,83.45,30.01725,55.75,9,229.5,0,8/11/2015 14:00,17.31288079
32.25,84.65,30.016,54,7.5,132.5,0,8/11/2015 15:00,18.69905787
32.825,83.8,30.01525,51,7.75,223.75,0,8/11/2015 16:00,19.39419261
33.575,83.55,30.01375,50,8.5,27.25,0,8/11/2015 17:00,19.62507306
29.1,79.05,30.148,56,1,180.75,0,8/12/2015 10:00,14.92136478
34.76666667,80.96666667,30.14366667,54,1,141,0,8/12/2015 11:00,16.60151392
41.03333333,82.66666667,30.125,53.33333333,2.333333333,101.3333333,0,8/12/2015 12:00,17.8106979
39.8,85,30.112,49.5,1.5,140.5,0,8/12/2015 13:00,20.75946334
45.725,85.25,30.098,48.75,1,134.5,0,8/12/2015 14:00,21.29121527
45.95,83.825,30.0865,48.5,1.5,141.75,0,8/12/2015 15:00,20.40352388
45.875,84.05,30.0755,50.75,0.75,155.5,0,8/12/2015 16:00,19.66985575
49.35,84.25,30.0665,50,1.5,141,0,8/12/2015 17:00,20.0631335
33.725,80.525,30.1055,66.25,1.25,238,0,8/13/2015 10:00,12.02799309
40.5,81.7,30.1135,59.25,1.5,276.75,0,8/13/2015 11:00,15.06304426
46.75,83.675,30.1045,52.75,0.75,245.25,0,8/13/2015 12:00,18.63951016
51.35,84.425,30.09275,51.25,2,248,0,8/13/2015 13:00,19.68372051
59.025,85.575,30.07825,50,2.5,218,0,8/13/2015 14:00,20.94114144
62.275,87.4,30.06025,48.5,1.25,171,0,8/13/2015 15:00,22.86114468
62.725,87.9,30.0505,47.25,1.5,150.75,0,8/13/2015 16:00,23.77519933
58.725,86.475,30.048,51.75,2.25,147.25,0,8/13/2015 17:00,20.82085923
36.85,81.475,30.14175,65.5,1,280,0,8/14/2015 10:00,12.66717294
39.075,81.025,30.13525,68,1,142,0,8/14/2015 11:00,11.57407779
42.1,81.55,30.1255,67.5,1.75,169.5,0,8/14/2015 12:00,11.95302498
46.475,83.15,30.11825,64.75,1,187,0,8/14/2015 13:00,13.65690123
52.125,84.425,30.1075,60.75,0.75,78.5,0,8/14/2015 14:00,15.84383818
56.525,85.575,30.092,57.75,1,137.5,0,8/14/2015 15:00,17.7245548
54.875,86.15,30.08425,58.25,2,142.5,0,8/14/2015 16:00,17.80954467
56.875,86.325,30.077,56.25,2.5,183.75,0,8/14/2015 17:00,18.76244304
48.125,81.125,30.13225,69.75,1,299,0,8/15/2015 10:00,10.98545649
53.575,84.275,30.124,64.25,0,156.75,0,8/15/2015 11:00,14.36607983
52.85,86.225,30.11275,60,2.5,146.5,0,8/15/2015 12:00,17.10466623
51.425,87.375,30.10075,59.5,2.75,116,0,8/15/2015 13:00,17.96664438
51,88.25,30.0835,56.75,2.5,191.75,0,8/15/2015 14:00,19.72381494
49.4,88.65,30.0645,55,3,153.5,0,8/15/2015 15:00,20.77297197
48.525,89.1,30.05275,54.25,2.75,163,0,8/15/2015 16:00,21.42071649
49.875,89.325,30.04275,52.75,2.5,144.75,0,8/15/2015 17:00,22.28008674
49.15,83.65,30.098,71,3.5,232.5,0,8/16/2015 10:00,11.41621709
51.7,84.575,30.09375,68.25,5.5,158,0,8/16/2015 11:00,12.87936263
51.2,85.55,30.08,65.5,6,154,0,8/16/2015 12:00,14.4368598
55.2,86.225,30.05975,63.25,3.75,208.25,0,8/16/2015 13:00,15.71507589
53.56666667,87.6,30.04966667,59.66666667,2.333333333,206,0,8/16/2015 14:00,18.02982711
52.83333333,89.26666667,30.02466667,53.33333333,3.333333333,201,0,8/16/2015 15:00,21.96579649
61.45,89.65,30.015,49.5,3.5,144,0,8/16/2015 16:00,24.05585633
58.125,89.9,30.00275,49.5,3.75,194.25,0,8/16/2015 17:00,24.24726013
36,81.175,30.01275,75.5,2.5,215.25,0,8/17/2015 10:00,8.922506533
45.3,85,30,68,2,167.5,0,8/17/2015 11:00,13.16293067
45.725,86.325,29.988,63.5,3.25,178.75,0,8/17/2015 12:00,15.65986659
49.6,87.45,29.96475,58.75,4.5,130,0,8/17/2015 13:00,18.33903702
53.95,88.275,29.9445,56.75,5,185.25,0,8/17/2015 14:00,19.74205992
46.925,88.575,29.92375,55.25,5.25,173.75,0,8/17/2015 15:00,20.6102707
45.225,88.5,29.907,56,6,158,0,8/17/2015 16:00,20.22086248
47.03333333,88.73333333,29.897,57,5.333333333,131.6666667,0,8/17/2015 17:00,19.90305875
31.85,81.9,29.83025,78.25,5,198.25,0,8/18/2015 10:00,8.102050533
41.5,85.075,29.819,71.25,5,184.5,0,8/18/2015 11:00,11.86082729
44.05,86.775,29.79475,67.25,5.5,224.75,0,8/18/2015 12:00,14.24980762
45.7,87.6,29.76525,65,6.5,209,0,8/18/2015 13:00,15.62981613
46.025,85.75,29.73825,67.75,7.75,152.75,0,8/18/2015 14:00,13.73604025
38.725,85.225,29.70175,70.75,7,174,0,8/18/2015 15:00,12.25139152
36.275,84.45,29.708,67.25,7.5,186,0,8/18/2015 16:00,13.2803388
38.925,72.95,29.73,87.75,6,247,0.3475,8/18/2015 17:00,3.5077272
30.5,73.6,29.78975,81.5,4,276.5,0.71,8/19/2015 10:00,5.229799051
30.275,73.65,29.79475,78.5,4.5,302.5,0.71,8/19/2015 11:00,6.093395637
30.75,74.025,29.77025,76,4.25,281.75,0.71,8/19/2015 12:00,6.892559009
35.75,74.375,29.77425,70.25,4.25,245.75,0.71,8/19/2015 13:00,8.626521961
34.1,72.25,29.79025,67.5,4.5,248.5,0.71,8/19/2015 14:00,8.781818943
30.625,69.55,29.794,69.25,3,260.75,0.71,8/19/2015 15:00,7.597110222
26.15,69.025,29.78175,75.25,1.25,219.5,0.71,8/19/2015 16:00,5.996194405
26.275,68.45,29.77225,75.5,3.75,276.5,0.71,8/19/2015 17:00,5.816009199
22.825,71.125,29.99475,64.25,4,307.5,0.01,8/20/2015 10:00,9.340203967
29.75,74.45,30.0025,53,4,279.25,0.01,8/20/2015 11:00,13.69880898
36.875,76.225,29.99575,43.25,6,175.25,0.01,8/20/2015 12:00,17.5348228
42.425,77.35,29.98825,41,5.5,245.25,0.01,8/20/2015 13:00,18.92145433
44.95,78.525,29.98075,40,5,319.75,0.01,8/20/2015 14:00,19.9928408
46.975,78.975,29.9805,40.25,4.25,305.75,0.01,8/20/2015 15:00,20.21062556
47.85,79.7,29.9685,41,4.5,152,0.01,8/20/2015 16:00,20.42417911
47.175,79.875,29.9685,41.75,3.25,295.25,0.01,8/20/2015 17:00,20.31503935
30.925,75.4,30.095,70,1,225.25,0,8/21/2015 10:00,9.044273488
36.9,78.05,30.09475,60.25,2.5,203.25,0,8/21/2015 11:00,13.0535692
47.5,79.6,30.081,54,5,171.25,0,8/21/2015 12:00,15.88806086
50.85,80.9,30.06825,49.75,4.5,185.25,0,8/21/2015 13:00,18.1061442
51.525,80.85,30.06125,48.25,5.5,137,0,8/21/2015 14:00,18.60745152
50.375,81.125,30.0475,46.5,5.75,146,0,8/21/2015 15:00,19.41571098
49.975,81.225,30.03925,47.25,6.25,137.75,0,8/21/2015 16:00,19.20160542
50.1,80.975,30.0305,48,4.75,122.75,0,8/21/2015 17:00,18.79337404
32.25,73.9,30.0075,74.5,3.5,120.5,0,8/22/2015 10:00,7.289792589
35.8,74.975,30.00125,75.5,4.5,170.75,0.005,8/22/2015 11:00,7.281653867
24.975,70.6,30.0175,89.25,3.25,112.5,0.05,8/22/2015 12:00,2.756593283
24.575,70.275,30.009,92.5,1.75,104.75,0.07,8/22/2015 13:00,1.898069944
31.4,74.375,29.97925,87.25,2,186.75,0.08,8/22/2015 14:00,3.735712719
37.425,78.05,29.9475,79.25,2.5,132.25,0.08,8/22/2015 15:00,6.822343169
39.65,76.475,29.94325,82,2,136.25,0.08,8/22/2015 16:00,5.608148388
35.475,74.25,29.95025,86,3,180.5,0.0975,8/22/2015 17:00,4.060401138
20.125,75.25,29.9125,89.5,3.5,263.75,0,8/23/2015 10:00,3.139295992
19.65,75.15,29.93275,89.25,5.25,236,0,8/23/2015 11:00,3.20315524
15.6,73.25,29.9455,90.25,7.75,267.25,0,8/23/2015 12:00,2.729318268
23,75.3,29.9345,81.25,3,172,0,8/23/2015 13:00,5.633244729
33.075,77,29.93,78.25,5.75,243,0,8/23/2015 14:00,6.892023419
34.7,76.35,29.93175,68.5,8.25,186,0,8/23/2015 15:00,9.78222562
34.25,77.625,29.9355,59.25,6.5,307.5,0,8/23/2015 16:00,13.1792749
34.725,78.425,29.9365,58,6,310.75,0,8/23/2015 17:00,13.95741971
21.45,70.125,30.079,55,5.25,310.5,0,8/24/2015 10:00,11.35300499
30.575,72.425,30.08,46,7.75,179,0,8/24/2015 11:00,14.69392757
35.7,74.05,30.06675,43,8.5,317.25,0,8/24/2015 12:00,16.37077774
38.225,75.1,30.055,42,8,308,0,8/24/2015 13:00,17.25682111
39.25,76.625,30.03775,42.5,7.5,241.5,0,8/24/2015 14:00,18.00608127
41.6,77.4,30.02125,41.5,7.25,304.5,0,8/24/2015 15:00,18.78172126
43.05,78.425,30.00275,38.5,7,232.75,0,8/24/2015 16:00,20.42525561
42.075,78.625,29.998,36.75,7.25,323.5,0,8/24/2015 17:00,21.14643621
25.8,69.725,30.102,57.25,5.5,246.5,0,8/25/2015 10:00,10.61956698
38.325,71.975,30.0995,47.75,7.5,280.25,0,8/25/2015 11:00,14.01213147
43.15,73.2,30.08875,46,7.75,235,0,8/25/2015 12:00,15.08356043
45.175,74.6,30.073,43.75,7.75,316.25,0,8/25/2015 13:00,16.46400778
46.4,75.775,30.06125,43,7.75,256.75,0,8/25/2015 14:00,17.34100164
46.025,77,30.04725,40.25,8.25,320.75,0,8/25/2015 15:00,18.94066446
45.55,77.325,30.0355,40.75,7,245.5,0,8/25/2015 16:00,18.97817718
45.225,77.825,30.02575,39.5,6.75,327.25,0,8/25/2015 17:00,19.70110952
25.5,70.95,30.138,65.5,4.5,30.25,0,8/26/2015 10:00,8.94221637
36.7,73.575,30.13725,56.25,5.5,106.25,0,8/26/2015 11:00,12.3738499
40.525,74.775,30.1305,53.75,5.5,166,0,8/26/2015 12:00,13.6132844
41.075,76.05,30.11775,51.75,4.75,174.5,0,8/26/2015 13:00,14.8177737
43.575,76.7,30.1095,52.5,3.5,113.75,0,8/26/2015 14:00,14.89988912
45.65,77,30.09775,51.5,3.5,45.75,0,8/26/2015 15:00,15.36750028
45.875,77.35,30.0885,50.25,2.75,44.5,0,8/26/2015 16:00,15.95552812
46.65,79.3,30.08275,48.75,2.5,108.25,0,8/26/2015 17:00,17.52438269
30.525,72.05,30.11925,68.5,0.5,125,0,8/27/2015 11:00,8.486916152
40.825,73.85,30.14175,62.25,3.5,311.75,0,8/27/2015 12:00,10.77492399
45.9,75.9,30.118,56,3,234,0,8/27/2015 13:00,13.44247108
49.56666667,77.53333333,30.09033333,53.66666667,1.666666667,128.6666667,0,8/27/2015 14:00,14.94864595
52.375,79.875,30.0815,50.5,1.5,176.25,0,8/27/2015 15:00,17.25237749
58.35,79.05,30.077,50.5,2,172,0,8/27/2015 16:00,16.80056841
54.375,78.875,30.06425,53.75,1,120,0,8/27/2015 17:00,15.59483453
35.575,72.875,30.0925,72.5,3,173.75,0,8/28/2015 10:00,7.628673993
41.66666667,76.16666667,30.09133333,66.33333333,3.666666667,158,0,8/28/2015 11:00,10.38646658
49.86666667,77.96666667,30.068,58.66666667,6,162.3333333,0,8/28/2015 12:00,13.52196992
50.35,78.35,30.04875,57.5,6,153.5,0,8/28/2015 13:00,14.08222645
50.325,78.25,30.0365,58,5,134,0,8/28/2015 14:00,13.87027649
51.15,80,30.0265,57.5,5,179,0,8/28/2015 15:00,14.86425095
52.25,80.725,30.001,55,5.5,136.5,0,8/28/2015 16:00,16.11911023
51.33333333,79.53333333,29.99066667,58.33333333,4.333333333,142.3333333,0,8/28/2015 17:00,14.34913244
31.925,74.375,29.9975,81.75,3.75,209.25,0,8/29/2015 10:00,5.315407661
36.05,75.55,29.9995,78,4,170,0,8/29/2015 11:00,6.64393448
36.45,76.325,29.992,77,3.25,220,0,8/29/2015 12:00,7.131178439
41.5,77.875,29.9865,73.75,4.25,216.5,0,8/29/2015 13:00,8.562774547
43.675,78.85,29.98,71.25,3,209.75,0,8/29/2015 14:00,9.687965654
46.65,79.55,29.95925,67.75,3.75,169,0,8/29/2015 15:00,11.11426588
45.225,78.9,29.95025,70.5,2.5,171.25,0,8/29/2015 16:00,9.961630383
41.325,77.875,29.94475,73,2.25,144.5,0,8/29/2015 17:00,8.807062753
37.45,77.725,30.0255,76.25,2.5,208.25,0,8/30/2015 10:00,7.742750053
46.3,81.05,30.021,68.5,3.5,168.5,0,8/30/2015 11:00,11.44892522
53.55,84,30,64.5,3.5,259,0,8/30/2015 12:00,14.13221388
56.05,84.65,29.9895,62,5,193.5,0,8/30/2015 13:00,15.44900167
61.15,87,29.97375,59.25,3,216,0,8/30/2015 14:00,17.85802627
59.4,87.1,29.9555,59.75,2.5,196,0,8/30/2015 15:00,17.68936595
55.6,88,29.9455,58.75,1.75,218.25,0,8/30/2015 16:00,18.6900511
55.75,88.2,29.9385,57.5,2.5,178,0,8/30/2015 17:00,19.35132535
26.25,79.15,30.036,81.75,4.25,193.25,0,8/31/2015 10:00,6.226898038
33.275,82.4,30.0355,75.25,4.25,171.5,0,8/31/2015 11:00,9.383879546
40.175,84.475,30.0205,71.5,3.5,173.25,0,8/31/2015 12:00,11.52287572
41.85,86.2,29.998,68,4.25,212.25,0,8/31/2015 13:00,13.68002006
43.95,88.125,29.98825,65,5.5,180.25,0,8/31/2015 14:00,15.89134071
46.675,88.4,29.97625,64,5.25,177.25,0,8/31/2015 15:00,16.49304819
49.475,88.95,29.95975,61.5,6.25,160.5,0,8/31/2015 16:00,17.9439137
46.925,87.525,29.963,66.25,5.25,171.25,0,8/31/2015 17:00,15.06218574
33.3,82,30.058,75.25,3.25,207.5,0,9/1/2015 10:00,9.259169039
40.15,85.15,30.0525,69.75,3,197.75,0,9/1/2015 11:00,12.51058858
48.125,87.625,30.0355,64,3,184,0,9/1/2015 12:00,16.10820598
58.85,89.7,30.0205,55,3.5,236,0,9/1/2015 13:00,21.47151286
58.9,90.05,30.01625,55.25,4.25,151.25,0,9/1/2015 14:00,21.58488883
61.025,90.45,30.00225,55,5.25,199.5,0,9/1/2015 15:00,21.97979216
52.275,91.1,29.99475,52.5,5.25,135.5,0,9/1/2015 16:00,23.67726833
51.675,90.2,29.98925,54.75,4.5,176.5,0,9/1/2015 17:00,21.94110648
32.15,81.2,30.06,76,3.5,211.5,0,9/2/2015 10:00,8.733260656
48.2,85.825,30.04975,69,3,196.75,0,9/2/2015 11:00,13.11441729
54.275,88.525,30.0325,56.75,2.75,248,0,9/2/2015 12:00,19.90424184
53.15,89.675,30.014,55.75,3.25,238.25,0,9/2/2015 13:00,21.09941293
58.9,90.85,29.99025,51.75,3,246.25,0,9/2/2015 14:00,23.87201254
65.825,91.225,29.959,51.5,4,226.5,0,9/2/2015 15:00,24.27592315
59.8,90.86666667,29.93666667,53.33333333,4.666666667,172.3333333,0,9/2/2015 16:00,23.09290707
47.63333333,88.86666667,29.928,55.33333333,1,174,0,9/2/2015 17:00,20.76052897
40.675,84.325,29.9695,68.25,3.5,233.75,0,9/3/2015 10:00,12.84172676
55.3,87.225,29.95725,60.5,4,237,0,9/3/2015 11:00,17.45562705
52.9,88.725,29.9415,56.75,4,264.75,0,9/3/2015 12:00,20.01417747
52.475,90,29.92425,52,3.75,209,0,9/3/2015 13:00,23.15330604
53.175,90.65,29.9085,51,3.25,272.75,0,9/3/2015 14:00,24.11939518
59.3,92.325,29.89425,48,2,241.75,0,9/3/2015 15:00,26.9639416
60.225,92.45,29.88075,47,3,243.5,0,9/3/2015 16:00,27.55113552
62.3,92.8,29.8685,47,3,210,0,9/3/2015 17:00,27.85188334
42.175,85.225,29.987,72.5,1,199,0,9/4/2015 10:00,11.43764293
54.925,88.675,29.98475,61.25,2.25,250.75,0,9/4/2015 11:00,17.94149356
47.65,89.975,29.97675,56.5,2,245.5,0,9/4/2015 12:00,20.93887864
49.525,90.15,29.96425,55.75,1.75,240,0,9/4/2015 13:00,21.44283303
59.1,92.8,29.95333333,50,3.333333333,217.6666667,0,9/4/2015 14:00,26.27970385
50.9,93.9,29.936,47,2,158.5,0,9/4/2015 15:00,28.81728054
50.9,93,29.9335,48.25,3.5,222.25,0,9/4/2015 16:00,27.36834451
55.875,92.45,29.9345,51.25,3.75,201.25,0,9/4/2015 17:00,25.3420377
50.53333333,85.73333333,30.059,66,2.666666667,211,0,9/5/2015 10:00,14.32476856
59.3,88.5,30.05525,59.25,3.5,203,0,9/5/2015 11:00,18.74886691
62.4,90.7,30.03775,53,3.25,174.25,0,9/5/2015 12:00,23.14931498
72.45,91.6,30.026,50.5,3,237.25,0,9/5/2015 13:00,25.07880881
76.325,92.875,30.01875,45.75,2.5,167.25,0,9/5/2015 14:00,28.58380561
74.95,93.9,30.005,44,2.75,189.75,0,9/5/2015 15:00,30.44816954
69.675,93.825,29.9795,40.75,3.75,209.5,0,9/5/2015 16:00,32.13643345
66.4,92.85,29.974,45.5,1.5,197,0,9/5/2015 17:00,28.69820481
46.2,85.525,30.032,66.75,1.25,184.5,0,9/6/2015 10:00,13.92927651
52.75,89.05,30.033,58.75,3.5,223.5,0,9/6/2015 11:00,19.31257801
58.275,91.65,30.0215,50,4,186,0,9/6/2015 12:00,25.38181978
56.775,93.25,30.00225,44,3.75,172.75,0,9/6/2015 13:00,29.84732255
59.8,93.625,29.98325,44,3.75,202.25,0,9/6/2015 14:00,30.18757056
60.275,94.675,29.9645,42.5,3.75,172.25,0,9/6/2015 15:00,32.02248791
61,95.05,29.95175,40.25,4.25,183.5,0,9/6/2015 16:00,33.65430336
62.05,94.125,29.947,43,4.25,163.5,0,9/6/2015 17:00,31.20719701
34.85,82.175,29.99925,76.25,4,214,0,9/7/2015 10:00,8.95867682
42.3,85.85,29.997,69.25,4.5,180,0,9/7/2015 11:00,13.01771174
52.525,87.9,29.9835,63.75,5,208.5,0,9/7/2015 12:00,16.34380285
59.15,89.275,29.964,60.25,5.75,179.25,0,9/7/2015 13:00,18.71767369
51.325,89.575,29.93625,60,7,169.5,0,9/7/2015 14:00,19.01006023
49.125,89.6,29.915,60.25,8,147,0,9/7/2015 15:00,18.90706006
46.5,88.525,29.9065,60.25,6.5,163.75,0,9/7/2015 16:00,18.29398951
45.075,86.65,29.90375,63.5,5,133.75,0,9/7/2015 17:00,15.8191056
